Stagione,Squadra,C_bat_pos,C_bat_neg,C_att_pos,C_att_neg,C_mur_pos,C_mur_neg,L_ric_pos,L_ric_neg,P_bat_pos,P_bat_neg,P_att_pos,P_att_neg,S_bat_pos,S_bat_neg,S_ric_pos,S_ric_neg,S_att_pos,S_att_neg,S_mur_pos,S_mur_neg,Playoff,Posizione
2001,Asystel Milano,0.2395186225,0.47714804400000005,0.6720229575000001,0.044643709250000004,0.64548762375,0.071179043,0.33447279350000003,0.1261332675,0.220247097,0.24944987299999996,0.431553295,0.0381436745,0.24292944260000002,0.4516160116000001,0.48608995879999994,0.20845549559999998,0.6389769507999999,0.05556850379999999,0.5910701279999999,0.10347532639999998,1,5
2001,Borgocanale Taranto,0.12398125300000001,0.22298844425,0.324253565,0.02271613175,0.28102857324999997,0.052304760000000006,0.0,0.0,0.133197648,0.2122568975,0.317595308,0.0278592375,0.125216935,0.1862982164,0.22127044220000003,0.0902447094,0.2750532148,0.036461936400000006,0.2199816346,0.023654729000000003,0,10
2001,Bossini Sangemini Montichiari,0.10428700825000001,0.1654099615,0.24605395175,0.023643018,0.22081653975,0.048880429749999996,0.252811516,0.0805218175,0.0813790075,0.248924023,0.3173499705,0.01295306,0.2074864124,0.25433176939999996,0.3150800166,0.1467381654,0.3936605694,0.06815761220000001,0.3454239614,0.1163942206,1,7
2001,Casa Modena Salumi,0.24602183600000002,0.4085236185,0.6200925107499999,0.03445294375,0.57820467925,0.07634077524999999,0.30665402,0.102436889,0.30942360950000003,0.35421275399999996,0.616158116,0.047478248,0.21056641199999998,0.26700934540000004,0.29666093939999993,0.18091481799999998,0.43782448799999996,0.0397512696,0.41041661300000004,0.0671591446,1,4
2001,Icom Latina,0.0476,0.1069454545,0.14436222699999998,0.010183227750000001,0.14534632025,0.009199134250000001,0.0,0.0,0.10982925699999999,0.20835256100000002,0.2949002215,0.023281596499999998,0.0659211584,0.05771520520000001,0.0247272728,0.098909091,0.112054176,0.011582187599999998,0.1120454546,0.011590909,0,11
2001,Itas Diatec Trentino,0.12144738025,0.29673443774999997,0.39474791875,0.02343389925,0.37149797300000004,0.0466838455,0.245335876,0.07890654799999999,0.1483333845,0.303181767,0.4446386945,0.006876457,0.2224231462,0.26727382340000005,0.33212042399999997,0.1575765454,0.4485224318,0.04117453780000001,0.4250757468,0.064621223,0,9
2001,Lube Banca Marche Macerata,0.1653306145,0.29679059775,0.43555055374999996,0.0265706585,0.41586917824999997,0.046252033750000004,0.2916325605,0.0750341065,0.12530182550000002,0.3595466595,0.4186868690000001,0.06616161599999999,0.2512817648,0.23356671999999995,0.3083801978,0.176468287,0.4386279086,0.046220576400000005,0.41954086319999995,0.030156106599999993,1,1
2001,Maxicono Parma,0.1220415,0.33250395450000003,0.42406284625,0.0304826085,0.43224843300000004,0.0222970215,0.3345001355,0.1230756225,0.18063663249999998,0.25572700400000004,0.406060606,0.030303030499999998,0.19436516359999997,0.2589681698,0.2964395956,0.1568937378,0.41574397220000003,0.037589361,0.3968609932,0.056472340200000005,1,3
2001,Noicom Brebanca Cuneo,0.1897480255,0.26782773175,0.42830675500000004,0.029269002500000002,0.363826999,0.09374875875,0.2115606935,0.08843930650000001,0.08347332,0.24682971,0.3143434345,0.022020202000000003,0.3260280064,0.3345780546,0.4631537238,0.197452337,0.6076997848000001,0.052906276200000005,0.5443083127999999,0.11629774779999999,1,6
2001,Roma Volley,0.0176833135,0.044437898249999996,0.05756757875,0.0045536335,0.050284090749999996,0.011837120999999999,0.103375068,0.0602612955,0.0230958635,0.067813227,0.0025974025,0.0004329005,0.043266399,0.0634002678,0.059259259200000004,0.047407407400000004,0.0937634408,0.012903225800000001,0.0914285714,0.0152380952,0,14
2001,Sempre Volley Padova,0.08722057249999998,0.18853700325,0.26007585050000004,0.0156817255,0.2153368795,0.06042069625,0.321145153,0.097036665,0.112937063,0.299184149,0.3906565655,0.0214646465,0.20346965379999998,0.2086515584,0.27199148759999997,0.1401297246,0.3758686918,0.0362525204,0.3102453398,0.10187587219999998,0,13
2001,Sira Cucine Ancona,0.0489637305,0.1010362695,0.143312102,0.006687898,0.13369565225,0.01630434775,0.0,0.0,0.0,0.0,0.0,0.0,0.052469999200000006,0.07722697059999999,0.08462776479999999,0.045069205,0.1197035684,0.0099934014,0.11024242420000001,0.0194545454,0,12
2001,Sisley Treviso,0.143307151,0.24305648525,0.36131618375,0.025047452749999997,0.3469307285,0.039432908,0.34586978549999997,0.12988779,0.16186438050000002,0.413893195,0.485130921,0.090626655,0.290731316,0.35532928980000006,0.39475625880000004,0.2513043472,0.5890334690000001,0.057027137000000006,0.5705157512,0.075544855,1,2
2001,Yahoo! Italia Volley Ferrara,0.12974068049999998,0.23692598599999998,0.34413913325,0.0225275335,0.31454231975,0.052124347,0.299020849,0.094918545,0.0293353705,0.0888464475,0.11818181850000001,0.0,0.1811474728,0.2394585876,0.2688892102,0.1517168506,0.382671065,0.0379349958,0.3410247934,0.0795812672,1,8
2002,Asystel Milano,0.10590615525,0.254699905,0.33263686400000003,0.027969196749999998,0.32693655425,0.0336695065,0.2441354725,0.095258467,0.1541757445,0.2124909225,0.3357894735,0.030877192999999997,0.22475914160000002,0.3473620708,0.3767146426,0.1420732362,0.5341398216000001,0.03798139060000001,0.45751035560000003,0.061277523,1,4
2002,Bossini Gabeca Montichiari,0.16058050000000001,0.31669222725,0.43910805075000003,0.03816467675,0.4304135165,0.04685921075,0.27209302350000003,0.0824524315,0.10603535350000001,0.224267677,0.2559364135,0.022851465499999998,0.093400683,0.2035690138,0.1661569584,0.08838849600000001,0.256639331,0.040330366000000006,0.259385463,0.0303115066,0,10
2002,Canadiens Verona,0.02436674425,0.0726029525,0.08969696975,0.0072727272499999995,0.08727272725,0.00969696975,0.0,0.0,0.172423377,0.37000086499999996,0.47517222550000004,0.067252017,0.0995835222,0.1404164778,0.1539506172,0.0860493826,0.21055152459999998,0.0294484754,0.2280382774,0.011961722400000001,0,13
2002,Copra Ventaglio Piacenza,0.121872396,0.23267305850000003,0.32798604675,0.0265594075,0.310369773,0.044175681499999994,0.0,0.0,0.0,0.0,0.0,0.0,0.11021454,0.1891793994,0.20977370499999998,0.08962023440000001,0.2741798674,0.0252140722,0.23446464640000003,0.06492929299999999,0,12
2002,Edilbasso & Partner Padova,0.0846680825,0.201695554,0.263727133,0.022636503250000002,0.244574905,0.041788731249999995,0.0795454545,0.0265151515,0.08610879449999999,0.1926790845,0.26068477,0.018103109,0.1660685092,0.22544664239999998,0.2545835228,0.13693162860000002,0.3551152748,0.036399877000000004,0.299506173,0.09200897860000001,0,11
2002,Estense Carife Ferrara,0.14773605475,0.16741546024999998,0.29429311725,0.020858398,0.2710229905,0.04412852475,0.31619097949999997,0.0807787175,0.172446689,0.33058361399999997,0.39663710249999995,0.1063932,0.1252417828,0.17415215639999998,0.2289492184,0.087414418,0.2700407556,0.029353183800000005,0.2673232324,0.032070707,1,5
2002,Icom Latina,0.22487218575,0.38421872325,0.58090132,0.028189589,0.54816042325,0.060930486000000006,0.173142934,0.0510994905,0.11704379050000001,0.225380452,0.26875,0.03125,0.2200019934,0.3206040668,0.37600171880000005,0.164604342,0.4772603866,0.06334567399999999,0.444702665,0.0959033958,1,6
2002,Itas Grundig Trentino,0.16842449925000003,0.287636107,0.41467348,0.041387125749999996,0.41932154749999995,0.036739058500000005,0.330549975,0.078540934,0.09230566550000001,0.250118577,0.29962121199999997,0.0428030305,0.288250957,0.34326419480000003,0.4396890654000001,0.19182608620000002,0.576878542,0.0546366094,0.5170610506,0.0902116766,1,7
2002,Kerakoll Modena,0.17776082825,0.44042098999999996,0.59108746375,0.027094354499999997,0.5467784640000001,0.071403354,0.376909421,0.0927875485,0.228297207,0.2141270355,0.42429210149999996,0.018132141,0.2714416966,0.3103764856,0.2977087122,0.2841094694,0.5303883934,0.051429788399999996,0.459302335,0.12251584680000001,1,2
2002,Lube Banca Marche Macerata,0.13504679275,0.26495320725,0.37501398625000004,0.0249860135,0.33981003425,0.060189965750000005,0.2522086065,0.10536715099999999,0.15474551200000003,0.442224185,0.575152713,0.0218169845,0.291750839,0.3179461308,0.49773711900000006,0.11195985099999999,0.5683274192000001,0.0413695508,0.5404305918,0.0692663782,1,3
2002,Noicom Brebanca Cuneo,0.13962119625,0.2512878945,0.36025246499999997,0.03065662625,0.32623950925,0.06466958125,0.293779378,0.085008501,0.0760112135,0.160352423,0.218855219,0.0175084175,0.1835715532,0.21036784060000002,0.1750867682,0.18854959540000002,0.3583995458,0.035539848,0.305499686,0.0884397084,1,8
2002,Pet Company Perugia,0.047720011500000006,0.09318907925,0.13517071175,0.005738379250000001,0.11675324675000001,0.02415584425,0.22221571399999998,0.065663074,0.0403767405,0.0475020475,0.08787878800000001,0.0,0.2552315562,0.28052601940000005,0.342629772,0.1931278038,0.4959866408,0.039770934800000005,0.4356711684,0.1000864074,0,9
2002,Sira Cucine Ancona,0.16999884675,0.2724253955,0.3960970285,0.04632721375,0.36676602225,0.07565822024999999,0.22327011100000002,0.082790495,0.0,0.0,0.0,0.0,0.10841427179999999,0.18249481939999998,0.259758228,0.05539328720000001,0.268157476,0.0227516148,0.2391754984,0.0517335926,0,14
2002,Sisley Treviso,0.12199758100000001,0.25982060075,0.35962992424999995,0.0221882575,0.336060606,0.04575757575,0.3719860475,0.08558971,0.1462761205,0.2628147885,0.3542642925,0.0548266165,0.329447432,0.46206771919999995,0.6035824632000001,0.18793268840000002,0.7147950214000001,0.07672012980000001,0.6819291672,0.10958598420000001,1,1
2003,Adriavolley Trieste,0.03530206525,0.05863732875,0.08686868675000001,0.007070707,0.0794871795,0.0144522145,0.0,0.0,0.0,0.0,0.0,0.0,0.1098684644,0.12528305099999998,0.158589059,0.07656245619999999,0.20724621940000004,0.0279052956,0.206477361,0.028674154199999996,0,14
2003,Bossini Gabeca Montichiari,0.0839994015,0.14327332575,0.21352504625,0.013747680750000001,0.19838082299999998,0.028891904000000003,0.24473118300000002,0.0886021505,0.0345250255,0.0836567925,0.109090909,0.009090909,0.11313682299999998,0.20565105560000002,0.19015410300000002,0.12863377580000002,0.267368625,0.051419253799999995,0.23805850720000002,0.0807293716,0,11
2003,Coprasystel Ventaglio Piacenza,0.13392324225,0.34334948475,0.44638444075,0.03088828675,0.42560839149999996,0.051664335750000005,0.305762386,0.10938912949999999,0.20235625100000001,0.21279526399999998,0.386520376,0.028631139,0.08949088259999999,0.1371757838,0.14322744420000003,0.0688937678,0.21165715980000002,0.015009506800000003,0.1796518376,0.0470148292,1,4
2003,Edilbasso & Partners Padova,0.140001036,0.21151411550000002,0.324412916,0.02710223525,0.31951453725,0.032000614499999996,0.238336192,0.079845626,0.10769914,0.283209951,0.366477273,0.024431817999999998,0.2501251674,0.3147233174,0.400718874,0.16412961080000002,0.5109713901999999,0.053877094599999995,0.44898631060000005,0.1158621742,1,5
2003,Estense 4 Torri Ferrara,0.07722677550000001,0.15156110325,0.2143420485,0.01444583025,0.19177777775,0.037010101,0.015702479499999998,0.0055096419999999995,0.1924442225,0.2984648685,0.45259740299999995,0.0383116885,0.1645175716,0.2427551556,0.27385940159999994,0.133413326,0.36464765320000003,0.042625074199999995,0.34869696980000003,0.0525151514,0,13
2003,Icom Latina,0.14557726699999998,0.22260455125,0.3468243245,0.021357493499999998,0.31028571424999996,0.057896103750000004,0.2696587565,0.090947304,0.17160478550000002,0.2556679415,0.40098814199999994,0.026284585,0.12958934160000002,0.1988955068,0.2107135204,0.1177713282,0.29801209100000003,0.0304727574,0.26847018559999997,0.06001466280000001,1,6
2003,Itas Diatec Trentino,0.16211677775,0.18333776775,0.31475276175,0.030701783749999996,0.3111627735,0.034291772250000005,0.2948605725,0.1021091245,0.19419915049999997,0.3876190315,0.5369320740000001,0.044886108,0.25241524260000003,0.2918271816,0.34006476379999995,0.20417766040000002,0.4925957234,0.0516467008,0.45389823360000003,0.0903441904,1,1
2003,Kerakoll Modena,0.17412409825000003,0.34708802275,0.48923659525,0.031975526,0.46454867949999995,0.056663441499999995,0.3959608325,0.1040391675,0.227946747,0.2296290105,0.4439843985,0.013591358999999999,0.2851856932,0.3693597612,0.440576246,0.21396920860000002,0.5989218897999999,0.055623564599999994,0.5667893563999999,0.0877560982,0,10
2003,Lube Banca Marche Macerata,0.2034511675,0.3526094385,0.51692921475,0.03913139125,0.49371234774999995,0.062348258499999996,0.4608806865,0.1391193135,0.1786481845,0.503169997,0.651786597,0.0300315845,0.2821741902,0.3602500526,0.41492587820000004,0.22749836400000004,0.5839377688,0.0584864736,0.5012175066,0.1412067358,1,2
2003,Noicom Brebanca Cuneo,0.1373519385,0.2656783645,0.37163245275,0.03139785025,0.32510838950000004,0.07792191375000002,0.260663507,0.07266982599999999,0.12488345,0.30844988349999997,0.305509642,0.1278236915,0.1296493632,0.14307790960000003,0.19703774159999998,0.0756895312,0.2478143472,0.0249129254,0.24275922879999995,0.029968044,1,7
2003,RPA Perugia,0.115485836,0.17845355775,0.27733959799999996,0.01659979575,0.25898035375,0.03495904,0.2948258285,0.0960832625,0.1027376035,0.20635330600000001,0.28777429449999997,0.0213166145,0.1802603442,0.2633760194,0.23844266539999998,0.0924664258,0.39759342200000003,0.046042941600000005,0.33389090899999996,0.10974545459999999,1,8
2003,Sisley Treviso,0.21589489824999997,0.3219838895,0.5035790855,0.03429970225,0.49027791675000004,0.047600870999999996,0.35626273049999996,0.09525242099999999,0.21390578400000002,0.3618517915,0.5360522219999999,0.0397053535,0.274165594,0.3985616784,0.4126327082,0.2334278978,0.6126877550000001,0.060039517599999995,0.5629223202,0.10980495239999999,1,3
2003,Telephonica Gioia del Colle,0.0487684915,0.11941332675,0.16187363824999998,0.00630817975,0.14160021274999998,0.026581605499999997,0.21636363649999998,0.0927272725,0.055658627,0.1261595545,0.15584415599999998,0.025974026,0.13834542619999998,0.18044245239999998,0.2517251094,0.06706276920000001,0.2848108976,0.033976981,0.27188811180000005,0.046899767,0,12
2003,UniMade Parma,0.18854194824999998,0.18418532450000002,0.35062085425,0.02210641825,0.306118094,0.06660917875,0.219853414,0.09226779800000001,0.19570788649999998,0.44368605299999997,0.5650216450000001,0.0743722945,0.122675263,0.168233828,0.1575841004,0.058173475399999994,0.26223108559999997,0.0286780054,0.2779602928,0.0129487982,0,9
2004,Acqua & Sapone Icom Latina,0.04284830825,0.10866684324999999,0.13774104675,0.01377410475,0.12820512825,0.023310023250000002,0.06638756,0.024521531000000003,0.150601139,0.231217043,0.34363636350000004,0.038181818,0.1943882518,0.2928844752,0.3135965596,0.173676168,0.4373276948000001,0.0499450326,0.41497369300000003,0.07229903439999999,0,12
2004,Acqua Paradiso Montichiari,0.1740415395,0.209291794,0.36323893175,0.0200944015,0.33165218625000004,0.051681147250000004,0.3026943205,0.0851844675,0.143765016,0.1774471055,0.2958532695,0.025358851499999998,0.1614036102,0.2640509354,0.26217657940000005,0.1087325114,0.3805526,0.0449019456,0.3158207072,0.05508838380000001,0,10
2004,Bre Banca Lannutti Cuneo,0.1792008695,0.1829203425,0.33847143874999996,0.02364977325,0.29050315675,0.07161805525,0.3164100015,0.0957112105,0.08886363650000001,0.1899242425,0.2559364135,0.022851465499999998,0.2506106084,0.296056058,0.3325879464,0.165593872,0.4955597998,0.051106867,0.44077518060000004,0.105891486,0,9
2004,Copra Piacenza,0.1641242265,0.308603046,0.43446976575000007,0.03825750725,0.42662982099999996,0.046097451750000004,0.0,0.0,0.2269518035,0.2851694085,0.5,0.012121212,0.16488271599999998,0.2666324353999999,0.27398728400000005,0.1272248376,0.36959582500000004,0.061919326799999994,0.3146113792,0.11690377240000001,1,1
2004,Daytona Modena,0.1460497515,0.290313885,0.40919128725,0.027172349,0.3664522965,0.06991133975000001,0.24079663850000002,0.071324574,0.002020202,0.004040404,0.0,0.0,0.1671934242,0.21583687879999996,0.27215988059999996,0.1108704224,0.3410531732,0.0419771298,0.2914361716,0.0915941312,0,11
2004,Edilbasso&Partners Padova,0.05833333325,0.09015151525000001,0.13934731925000002,0.00913752925,0.12621212125,0.022272727250000002,0.41335326,0.10785886149999999,0.0402627675,0.0748887475,0.092121212,0.023030303,0.25357260800000003,0.2773364832,0.3475565348,0.183352556,0.48233030239999997,0.0485787884,0.4505179938,0.0803910972,1,5
2004,Itas Diatec Trentino,0.10899266625000001,0.12585581875000001,0.20994928325,0.024899201750000002,0.2074780775,0.027370407500000003,0.26571224050000003,0.085802911,0.18944590449999998,0.41358439849999995,0.5474025975,0.055627706,0.23389697580000002,0.30670908459999996,0.3981629928,0.14244306739999998,0.4780281716,0.062577889,0.4648256592,0.0757804014,1,8
2004,Lube Banca Marche Macerata,0.17200511925,0.30072215375,0.4407920295,0.031935243,0.41701467925,0.05571259325,0.3613440705,0.1083528995,0.1346993965,0.1834824215,0.28816466550000003,0.0300171525,0.2374720218,0.326164342,0.3751336914,0.1885026724,0.5090169330000001,0.0546194304,0.4599561254,0.103680238,1,2
2004,Marmi Lanza Verona,0.10638874875000001,0.15270216025,0.24274242699999998,0.01634848225,0.19500953575,0.06408137325,0.0,0.0,0.0,0.0,0.0,0.0,0.11460281759999999,0.18357900060000001,0.1943527432,0.1038290752,0.2756078836,0.0371193894,0.2706060608,0.0275757576,1,6
2004,Prisma Taranto,0.085414188,0.17519187275000003,0.24252069,0.018085370500000003,0.21573593074999997,0.04487012975,0.262605708,0.08284883700000001,0.0796350605,0.2052134245,0.254054054,0.030794431,0.1569035378,0.2491570682,0.2062053304,0.19985527579999998,0.3705697123999999,0.0354908938,0.32952744219999996,0.076533164,0,13
2004,RPA-LuigiBacchi.it Perugia,0.17126473225,0.20600799500000003,0.36368746750000003,0.01358525975,0.33937672175,0.037896005499999996,0.0,0.0,0.2004329005,0.3329004325,0.513787879,0.0195454545,0.1882186572,0.2614783126,0.44603921060000007,0.16123351660000002,0.41365305039999994,0.036043919,0.3660538248,0.08364314479999999,1,4
2004,Sisley Treviso,0.19963787524999999,0.3352106095,0.503872882,0.03097560275,0.48118113425,0.0536673505,0.3458662095,0.084436821,0.2046453545,0.258991009,0.43541502,0.028221344,0.26654504960000003,0.3516367686,0.4500190944,0.16816272399999999,0.5416241628,0.0765576558,0.5054321679999999,0.11274964999999999,1,3
2004,Teleunit Gioia del Colle,0.0947543655,0.2143365435,0.28346325299999997,0.025627656,0.264036326,0.045054583249999995,0.2346127945,0.0805387205,0.056565656500000006,0.10101010099999999,0.1575757575,0.0,0.0851903786,0.1342035608,0.1297102134,0.0569564532,0.19783198400000002,0.0215619556,0.18823914819999998,0.031154791199999997,0,14
2004,Tonno Callipo Vibo Valentia,0.0338266385,0.08738548275000001,0.1122334455,0.00897867575,0.104493208,0.01671891325,0.224811542,0.090339973,0.2406685785,0.47751324,0.6915518825,0.0266299355,0.13345978060000002,0.21078264359999999,0.2490015858,0.0952408384,0.3143635508,0.0298788734,0.2743745144,0.06986790979999999,1,7
2005,Acqua Paradiso Gabeca Montichiari,0.16896197325,0.26588651175,0.41095559574999996,0.02389288925,0.40027958725,0.0345688975,0.1770313755,0.06842317,0.174987034,0.28561902650000004,0.41982646999999995,0.040779591,0.230440938,0.3368317896,0.3176550214,0.1235570998,0.5191243928,0.048148334400000006,0.45764911020000004,0.109623617,0,9
2005,Benacquista Assicurazioni Latina,0.131034906,0.18866206375000003,0.3019825895,0.01771438025,0.290777972,0.02891899775,0.0,0.0,0.0,0.212121212,0.212121212,0.0,0.1744553028,0.2788780306,0.2623833394,0.19094999399999998,0.4062317524,0.04710158099999999,0.4165895818,0.0367437516,0,12
2005,Bre Banca Lannutti Cuneo,0.1152184325,0.21205429500000003,0.30841212925,0.018860598,0.2923556865,0.034917040999999996,0.24007648350000002,0.0902265465,0.1459073085,0.2328805705,0.263232323,0.1155555555,0.17776795780000001,0.20647446660000002,0.1635576668,0.2206847574,0.340629961,0.0436124634,0.341892256,0.042350168400000006,1,4
2005,Cimone Modena,0.23186912750000002,0.32116117575,0.49230629800000003,0.060724005250000004,0.44687005525,0.10616024799999998,0.22312334949999998,0.052634226,0.2402585185,0.3839839055,0.5703305785,0.053911846,0.14218675739999997,0.129328394,0.131707213,0.09132309,0.2410063332,0.0305088182,0.1443578644,0.0774603174,1,3
2005,Codyeco S.Croce,0.14342075275,0.18385197450000001,0.31369501825,0.013577709,0.25862708725,0.06864564000000001,0.0,0.0,0.1110047845,0.14354067,0.244755245,0.00979021,0.042076623800000004,0.0876203458,0.096969697,0.0327272726,0.1164545454,0.0132424242,0.08637229440000001,0.017870129800000002,0,13
2005,Copra Berni Piacenza,0.16819354275,0.28332160875,0.41329433174999997,0.03822081975,0.38905340425,0.06246174725,0.29702936550000003,0.09994033150000001,0.167794198,0.2988724685,0.345773525,0.120893142,0.22205589900000003,0.2700653132,0.3481880815999999,0.0990846456,0.4504606752,0.041660536799999995,0.3716895808,0.12043163159999999,1,5
2005,Giotto Padova,0.093824345,0.16072110925,0.23727378500000001,0.01727166925,0.20482491600000002,0.04972053875,0.17859547850000002,0.060798461,0.0,0.0,0.0,0.0,0.1668490694,0.264666082,0.267154107,0.16436104459999998,0.38974254999999997,0.0417726014,0.33890884200000004,0.0926063094,0,11
2005,Itas Diatec Trentino,0.1521608965,0.18571789125,0.31168119175,0.02619759625,0.2687184345,0.06916035350000001,0.5289272995,0.1559211855,0.1805122245,0.28009383600000004,0.4363636365,0.024242424,0.132173717,0.2399474954,0.1659580708,0.2061631416,0.33527033040000004,0.0368508816,0.3159546686,0.0428332102,1,6
2005,Lube Banca Marche Macerata,0.16651581275,0.23499933875,0.37572926200000006,0.0257858895,0.35980392175,0.04171123,0.2536551355,0.070587289,0.2277083525,0.366231042,0.5278677685000001,0.0660716255,0.2131335118,0.294745276,0.342924116,0.164954672,0.4609869044,0.0468918834,0.40918536019999996,0.098693428,1,1
2005,Marmi Lanza Verona,0.22159307325,0.28901298750000004,0.477047489,0.03355857125,0.42382914600000005,0.0867769145,0.214998566,0.081971131,0.1437585735,0.422908093,0.5666666665,0.0,0.2461074376,0.31268044120000005,0.32655737500000004,0.1837456552,0.5202858846,0.038501994399999996,0.3860060772,0.172781802,1,7
2005,RPA Caff Maxim Perugia,0.1644103575,0.30983206674999997,0.45008183850000005,0.02416058575,0.407536403,0.06670602125000001,0.28574903949999997,0.10516005099999999,0.124621212,0.19356060600000002,0.3054545455,0.0127272725,0.280493674,0.365566932,0.44372104840000004,0.20233955739999998,0.5961430258,0.0499175804,0.5442002638,0.10186034260000001,1,8
2005,Sisley Treviso,0.270994579,0.36991451225000005,0.59777753175,0.04313155925,0.5737401117500001,0.06716897925000001,0.37654036399999996,0.111338424,0.1937339495,0.3032357475,0.4718702175,0.0250994795,0.29115665879999997,0.3827827352,0.5171565842,0.1470858398,0.6152594816000001,0.0586799124,0.5660163128000001,0.10792308099999999,1,2
2005,Tiscali Cagliari,0.0485795455,0.07414772724999999,0.11595092025,0.0067763525,0.11739130425000001,0.0053359685,0.0,0.0,0.0966046,0.200365097,0.269128788,0.027840909,0.0709763558,0.1593266746,0.15391446379999998,0.0763885666,0.20477690580000002,0.0255261244,0.20880073459999998,0.021502295799999998,0,14
2005,Tonno Callipo Vibo Valentia,0.11874395725,0.24943786099999998,0.348243448,0.01993837025,0.321618384,0.046563434,0.192351462,0.047042477,0.1776855325,0.2798902245,0.3927536235,0.0648221345,0.1308913932,0.2436540612,0.2596882302,0.11485722439999999,0.3417871912,0.0327582634,0.315039071,0.059506383399999994,0,10
2006,Acqua Paradiso Gabeca Montichiari,0.15785154825000003,0.19972420925,0.33979402075,0.017781736750000002,0.33618077325,0.02139498425,0.230471827,0.090740294,0.0676596475,0.08991611050000001,0.1452651515,0.012310606000000002,0.2395758702,0.2549695844,0.2941121384,0.2004333162,0.4509629718,0.0435824828,0.39634783920000005,0.09819761519999999,0,9
2006,Antonveneta Padova,0.07186935625,0.14328215875,0.1904546555,0.02469685975,0.18187134500000002,0.03328017025,0.2151988635,0.0908617425,0.148282346,0.15777826,0.2714122355,0.0346483705,0.14589749679999997,0.13652674559999997,0.2302286552,0.05219558719999999,0.2581019354,0.024322307199999997,0.26369794199999996,0.0187263004,0,12
2006,Bre Banca Lannutti Cuneo,0.029797979750000002,0.059595959500000004,0.088389513,0.00100442625,0.08513708525000001,0.00425685425,0.2898473225,0.161667829,0.295122447,0.438210887,0.694761171,0.03857216200000001,0.35371261660000003,0.37962071680000004,0.46064278320000007,0.27269054979999996,0.6207078996,0.050807251799999995,0.5553928248,0.11612232680000001,1,1
2006,Cimone Modena,0.2354867805,0.3584526135,0.56785944325,0.02607995075,0.5061402815,0.087799113,0.2680928525,0.09251320800000001,0.2489555205,0.3237717525,0.5053773025,0.0673499705,0.25565994820000004,0.33221883960000004,0.43411618939999996,0.15376259859999997,0.539434375,0.0484444126,0.5143526803999999,0.0735261076,1,5
2006,Copra Berni Piacenza,0.211597453,0.37173588,0.55554761125,0.02778572225,0.4933798327499999,0.08995350049999999,0.487037707,0.1765986565,0.163756773,0.1998795905,0.332688588,0.030947775499999997,0.21688132820000003,0.2473610958,0.34247202280000005,0.12177040160000001,0.42482250400000005,0.0394199202,0.39947534099999993,0.06476708340000001,1,4
2006,Itas Diatec Trentino,0.181530618,0.25634816974999997,0.40705983325,0.0308189545,0.388075036,0.04980375175000001,0.1710227275,0.0895833335,0.1299247985,0.3003782315,0.2736842105,0.1263157895,0.1646925108,0.1953074894,0.1493543074,0.21064569240000003,0.290459803,0.069540197,0.2624438856,0.0975561146,1,8
2006,Lube Banca Marche Macerata,0.2095507735,0.338934075,0.5152241870000001,0.03326066125,0.47743842324999997,0.07104642525,0.3333686105,0.090873814,0.196124308,0.388724177,0.564228492,0.020619993,0.37021362379999995,0.32069546720000003,0.4759379884,0.2149711026,0.5552333716,0.0520393558,0.4387597464,0.1685129812,0,10
2006,M. Roma Volley,0.24130984575,0.35717500275,0.55113376575,0.047351083,0.4873108645,0.111173984,0.0539944905,0.030853994500000002,0.105601469,0.22773186399999998,0.311111111,0.022222222000000003,0.23930178059999996,0.3885770072,0.3224563384,0.30542244979999994,0.5498139338000001,0.078064854,0.4997936988,0.1280850892,1,2
2006,Maggiora Latina,0.106836763,0.12952687325,0.22469514975,0.011668486750000002,0.19934848475,0.037015151499999996,0.22984658300000002,0.082274629,0.08285205,0.09896613200000001,0.13939393949999998,0.0,0.0816103534,0.1596017678,0.1846697232,0.056542398199999996,0.2194269046,0.021785216599999997,0.18321308320000002,0.013150553200000002,0,11
2006,Marmi Lanza Verona,0.12773650450000001,0.14953622249999998,0.2511010145,0.02617171275,0.23581182625,0.04146090075,0.20412926399999998,0.095870736,0.13614082,0.2123440285,0.3020289855,0.046455863,0.1967076048,0.20571663739999999,0.3132992882,0.08912495399999999,0.3546596536,0.040491861799999994,0.3075244278,0.08762708720000001,0,14
2006,Prisma Taranto,0.07771286125,0.09804471449999999,0.1651056015,0.01065197425,0.15024437925,0.025513196499999998,0.2592183515,0.0832058905,0.116192041,0.171686747,0.2518939395,0.0359848485,0.1997287212,0.2281500668,0.2064090242,0.2214697638,0.3872651524,0.040613635599999996,0.343146924,0.0847318644,1,7
2006,RPA-LuigiBacchi.it Perugia,0.15175755175,0.17854547825,0.31613710375000004,0.01416592675,0.282361149,0.047941881250000005,0.27251908399999997,0.0880869765,0.13819513849999998,0.292107892,0.302479339,0.1278236915,0.1904619018,0.236204765,0.28425044239999997,0.14241622439999999,0.38963036340000007,0.03703630339999999,0.38566636060000004,0.041000306199999996,1,6
2006,Sisley Treviso,0.25065292275,0.27661980475,0.49375933425,0.033513393,0.48388345574999997,0.0433892715,0.338801629,0.12786503800000001,0.17524942699999999,0.2550536035,0.393939394,0.030303030499999998,0.2567919552,0.2850262268,0.3615590252,0.1802591566,0.48308501140000004,0.0575210494,0.4660512246,0.074554836,1,3
2006,Tonno Callipo Vibo Valentia,0.07444676850000001,0.16646232275,0.22322750275,0.01768158825,0.20799704375,0.03291204725,0.23333333350000002,0.1,0.1243796855,0.1634991025,0.2529843895,0.0348943985,0.118608585,0.1771489908,0.1699812614,0.1257763144,0.2714960126,0.024261563400000002,0.2336323234,0.0621252524,0,13
2007,Acqua Paradiso Gabeca Montichiari,0.12713685625,0.19710556775,0.30471634699999994,0.019526077000000003,0.27953238675,0.04471003725,0.12493376,0.0599147255,0.2361363265,0.23962124899999998,0.441774892,0.033982684,0.1396653182,0.15245589380000002,0.12104540899999998,0.0607727728,0.2638368968,0.0282843154,0.2515682166,0.040552995200000004,1,7
2007,Andreoli Latina,0.11166472549999998,0.13833527425,0.22896957424999997,0.021030425749999998,0.1865813305,0.04220654825,0.131764548,0.0561142395,0.235098235,0.4345987345,0.5745565104999999,0.0951404595,0.11874141599999999,0.16125858399999998,0.17153945539999998,0.1011878174,0.2457851278,0.0342148722,0.21346081479999998,0.0665391848,0,14
2007,Antonveneta Padova,0.1371242715,0.24317875875,0.34806107225,0.032241958249999994,0.309902051,0.0704009795,0.2059225925,0.0758955895,0.160129625,0.31562795099999996,0.388131313,0.0876262625,0.11199716139999998,0.15466950540000002,0.1627091,0.158503021,0.24040131760000003,0.0262653492,0.22782775120000004,0.03883891539999999,0,11
2007,Bre Banca Lannutti Cuneo,0.1571031785,0.24744227575,0.3849097255,0.019635728749999998,0.33592619525,0.0686192595,0.2957342115,0.12547791,0.1216161615,0.0905050505,0.195804196,0.0163170165,0.1519464428,0.2044171932,0.23803580059999999,0.125600563,0.3326957316,0.030940632200000005,0.3180448292,0.038318807200000006,1,2
2007,Cimone Modena,0.181858234,0.27874782675000004,0.42632068775,0.03428537275,0.37979378175,0.08081227875,0.2203790315,0.10992399900000001,0.1081409955,0.1797377925,0.24301456100000002,0.04486422650000001,0.29722300079999997,0.3039891202000001,0.4504112109999999,0.15080091,0.547891739,0.053320382199999995,0.49151818500000005,0.10969393620000001,1,8
2007,Copra Nordmeccanica Piacenza,0.17571153525,0.33640967675,0.4853514125,0.02676979975,0.4379408525,0.0741803595,0.26542980850000003,0.08608534300000001,0.1637766875,0.4331930095,0.538701299,0.058268398,0.280089466,0.2786984124,0.2800310936,0.27875678540000004,0.5024612258000001,0.0563266532,0.4756010908,0.083186788,1,6
2007,Famigliulo Corigliano,0.05506160525,0.091908092,0.13157001025,0.0153996865,0.104097902,0.04287179475,0.0783030305,0.0247272725,0.134469697,0.3018939395,0.407878788,0.0284848485,0.13962911220000002,0.22279513020000002,0.19466806080000004,0.09624103020000001,0.3216544674,0.040769775,0.3070883662,0.0553358764,0,13
2007,Itas Diatec Trentino,0.160880519,0.25275584475,0.377314501,0.0363218625,0.351451623,0.0621847405,0.265876349,0.09472971150000001,0.1541757445,0.2124909225,0.3357894735,0.030877192999999997,0.0735028668,0.1071031938,0.1140479338,0.06655812679999999,0.15870083620000003,0.021905224199999997,0.14225895319999998,0.0383471074,1,1
2007,Lube Banca Marche Macerata,0.18655528375,0.29071744374999997,0.44916787425000004,0.028104853250000002,0.41862353075000003,0.0586491965,0.23137343600000002,0.08074777650000001,0.1829510195,0.30492776850000003,0.370292581,0.117586207,0.18736186859999998,0.2259714646,0.17960748059999998,0.2543319134,0.34328135700000006,0.07005197599999999,0.33803489439999995,0.0959044994,1,5
2007,M. Roma Volley,0.20249475325,0.2656870645,0.4360162165,0.03216560175,0.41289141425000003,0.05529040425,0.3119610895,0.09712982,0.27351530150000003,0.50830288,0.762049062,0.01976912,0.2661521598,0.4077872342,0.39404167980000004,0.1538371078,0.6103207875999999,0.06361860620000001,0.5523561956,0.1215831982,1,4
2007,Prisma Taranto,0.0746961765,0.22984927800000002,0.27633416025,0.028211294,0.264972805,0.039572649499999994,0.24473118300000002,0.0886021505,0.10303248,0.24848267149999997,0.2693333335,0.0367272725,0.1808864612,0.2954771752,0.2598304152,0.216533221,0.419674513,0.05426488079999999,0.3902087012,0.0837306928,0,12
2007,RPA-LuigiBacchi.it Perugia,0.11943693199999998,0.22298731,0.31771488675,0.024709355500000002,0.298439311,0.04398493125,0.265802269,0.0675310645,0.1328794275,0.288332694,0.351731602,0.0694805195,0.18995232179999996,0.19429010239999997,0.17784801360000002,0.20639441080000004,0.3553160038,0.028926420400000003,0.3307589254,0.05348349899999999,0,10
2007,Sisley Treviso,0.22193060624999997,0.27655424225,0.45988891925,0.03859592925,0.44865545225,0.04982939625,0.307126434,0.1292372025,0.0,0.0,0.0,0.0,0.2576216106,0.3241965712,0.3851485014,0.19666968060000004,0.5245997416,0.0572184404,0.4860018364,0.0958163452,1,3
2007,Sparkling Milano,0.060977118,0.0935683365,0.146989899,0.007555555500000001,0.134920635,0.019624819499999998,0.2791900045,0.0844463595,0.14675282250000002,0.25021687449999996,0.3318670575,0.0651026395,0.0668144502,0.12591282259999997,0.054447092600000004,0.030401392199999995,0.175837165,0.016890107799999998,0.1505531504,0.0361135162,0,9
2008,Acqua Paradiso Gabeca Montichiari,0.16017822199999998,0.21406420225,0.347377981,0.02686444325,0.32270830475,0.0515341195,0.19834437099999996,0.1471101745,0.2495234995,0.36865831800000004,0.5367003365,0.08148148150000001,0.190193724,0.2195032458,0.323696905,0.08600006460000001,0.37368455920000004,0.0360124104,0.33688718800000006,0.0728097818,1,6
2008,Antonveneta Padova,0.128685528,0.19555689625,0.298752228,0.025490196250000003,0.28083778975,0.0434046345,0.2251789025,0.1020938245,0.10528817600000001,0.212893642,0.28035190600000004,0.037829912,0.15092848940000003,0.14967757120000003,0.11827046819999998,0.18233559259999998,0.2722349404,0.0283711202,0.23785364960000002,0.0627524112,0,14
2008,Bre Banca Lannutti Cuneo,0.14363644550000002,0.24121203924999995,0.317376899,0.06747158575,0.28467978374999997,0.10016870124999999,0.427168092,0.2304076655,0.23862566600000001,0.41895009149999995,0.568149886,0.089425872,0.2682143422,0.3317856578,0.34906807500000003,0.250931925,0.5430976096,0.0569023902,0.5370847085999999,0.0629152912,1,3
2008,Copra Nordmeccanica Piacenza,0.19974098075,0.2441984135,0.41060579524999996,0.0333335985,0.3817663125,0.062173081500000005,0.0,0.0,0.183911102,0.44033132199999997,0.4505050505,0.17373737350000001,0.34688955020000006,0.334322571,0.36678868480000004,0.3144234363999999,0.6257963930000001,0.055415728600000005,0.5357221795999999,0.1454899416,1,5
2008,Framasil Pineto,0.0918783475,0.16721256150000002,0.2415659655,0.01752494375,0.204429499,0.05466141,0.186967838,0.082729132,0.0334152335,0.0696150695,0.103030303,0.0,0.1108512272,0.1436942276,0.13818251980000001,0.08605990459999999,0.23934327299999997,0.034596120999999994,0.21430303039999998,0.0402424244,0,12
2008,Itas Diatec Trentino,0.159923266,0.23098582499999998,0.35673015874999997,0.034178932249999995,0.33034366800000003,0.06056542275,0.2652061855,0.11661199650000001,0.137995338,0.24988345,0.2460736395,0.1418051485,0.23047233039999998,0.2786185786,0.3078003666,0.2012905426,0.43457733760000006,0.07451357160000001,0.42902020039999994,0.0800707086,1,2
2008,Lube Banca Marche Macerata,0.13254469424999998,0.24927348774999997,0.36197076675,0.019847415,0.348272378,0.033545804,0.444023356,0.1893099775,0.17985478249999998,0.301963399,0.41873278249999996,0.0630853995,0.23901710639999996,0.3609828936,0.3790732022,0.2209267976,0.535859989,0.06414001080000001,0.5440259674000001,0.0559740326,1,1
2008,Marmi Lanza Verona,0.15095950575,0.16722231275,0.29410707075,0.0240747475,0.26567922974999997,0.052502588249999996,0.230355423,0.11509912300000001,0.1661134455,0.267219888,0.3996969695,0.0336363635,0.211093028,0.2325433356,0.2504362352,0.19320012820000004,0.40052459420000003,0.0431117694,0.40505432739999997,0.038582036400000005,0,9
2008,RPA-LuigiBacchi.it Perugia,0.171694903,0.24951721799999999,0.4022628617499999,0.0189492595,0.36628644725,0.054925674,0.23496193199999998,0.068068371,0.139925894,0.3146195605,0.3993434345,0.055202020000000004,0.20284116880000003,0.2517042856,0.2644922944,0.19005316,0.416923735,0.037621719399999996,0.3992020488,0.05049492099999999,1,4
2008,Sisley Treviso,0.1848866085,0.1832952095,0.3316360575,0.036545760499999996,0.29810963874999996,0.07007217925,0.28533510300000003,0.078301261,0.13989458999999999,0.2661660165,0.354123426,0.05193718,0.21446367460000001,0.303112083,0.3803564424,0.1420678002,0.454979187,0.0625965704,0.43785195619999995,0.07972380159999999,1,8
2008,Stamplast Martina Franca,0.09407492975000001,0.216531131,0.26308425825,0.04752180225,0.23771809,0.0728879705,0.071794872,0.025174825,0.1721509495,0.27936420199999995,0.41222943749999996,0.0392857145,0.14254324079999997,0.250184032,0.21037578699999998,0.10962421279999998,0.3527744782000001,0.0399527944,0.28672176299999996,0.0890358126,0,11
2008,Tonno Callipo Vibo Valentia,0.09933368224999999,0.18702995425,0.2578368525,0.02852678375,0.21998015875,0.0663834775,0.32014661,0.131368542,0.145095389,0.22763188399999998,0.34480095099999997,0.027926322000000003,0.1960088384,0.22096085860000003,0.1935332696,0.22343642719999995,0.37971181340000004,0.0372578834,0.3331997404,0.0837699566,1,7
2008,Trenkwalder Modena,0.17655685675,0.3007158705,0.44334524524999996,0.03392748175,0.4006595255,0.0766132015,0.1672478205,0.0721461185,0.160984437,0.172348896,0.256451613,0.0768817205,0.225203444,0.23297837379999997,0.2861962626,0.17198555580000002,0.4172852166,0.040896601600000006,0.3909383866,0.06724343159999999,0,10
2008,Yoga Forl,0.199515648,0.33381768525,0.49675752225,0.03657581125,0.45585506624999994,0.077478267,0.3015364915,0.1075544175,0.070862471,0.1594405595,0.2303030305,0.0,0.0824856644,0.13569615380000002,0.1467362702,0.071445548,0.1893984102,0.0287834078,0.1661934964,0.0519883218,0,13
2009,Acqua Paradiso Monza,0.17661616175,0.25217171675,0.38162907125,0.047158807500000004,0.40903657475000005,0.01975130425,0.0,0.0,0.1226746635,0.1470223065,0.22865612649999997,0.041040843,0.199442487,0.22237569499999998,0.26799482220000004,0.1538233596,0.3864415152,0.035376666999999994,0.3731066594,0.0487115222,1,6
2009,Andreoli Latina,0.10335637875,0.15573453025,0.24110030775000002,0.01799060125,0.231710619,0.02738029,0.087014683,0.034197438499999996,0.17444002050000001,0.2255599795,0.3297061525,0.07029384799999999,0.18286877239999996,0.1892524396,0.2010677614,0.08135648100000001,0.3346435996,0.0374776126,0.3400795838,0.0320416284,0,12
2009,Aran Cucine Abruzzo Pineto,0.104053801,0.202006805,0.25804045775,0.0480201485,0.2693939395,0.03666666675,0.055533233,0.038406161,0.036714976,0.0784365395,0.08956228949999999,0.025589225499999996,0.09442852539999999,0.10072298959999999,0.08639872400000001,0.021480063799999997,0.1723401838,0.028871937199999996,0.17550239239999998,0.019649122800000002,0,15
2009,Bre Banca Lannutti Cuneo,0.16406788275,0.22078060225,0.355128353,0.02972013175,0.36001221,0.024836274999999998,0.2723802125,0.09428645449999999,0.254540765,0.321216811,0.518648019,0.057109557000000005,0.266483103,0.2910926548,0.3685544182,0.1853849756,0.4757697072,0.08180604999999999,0.44437215639999994,0.10956723739999999,1,2
2009,CoprAtlantide Piacenza,0.25337412575,0.21177738925,0.43163004574999997,0.0335214695,0.44669955375000003,0.0184519615,0.455273826,0.26290799200000003,0.2038368855,0.453738872,0.5475482095,0.110027548,0.324802577,0.33822772600000006,0.3720325948,0.2909977082,0.5872487366,0.07578156659999999,0.6005158760000001,0.06251442720000001,1,7
2009,Esse-ti Carilo Loreto,0.039098679,0.073022533,0.09008029,0.022040922,0.0624675325,0.04965367975,0.0,0.0,0.025668449,0.095543672,0.115942029,0.005270092,0.012090132,0.0218492618,0.002020202,0.0016161616,0.0447474748,0.0110101012,0.0218181818,0.0,0,14
2009,Itas Diatec Trentino,0.24717712374999998,0.29070166425,0.4967071005,0.04117168725,0.48162311450000006,0.05625567325,0.29782036149999996,0.165816002,0.1977165595,0.250768289,0.427014829,0.021470019500000003,0.2286654054,0.21497095819999998,0.228260552,0.21537581180000004,0.4012098366,0.042426526799999996,0.3726097062,0.0710266576,1,1
2009,Lube Banca Marche Macerata,0.170711268,0.29292509575,0.42258967225000005,0.0410466915,0.43999337674999994,0.023642987000000004,0.29204777699999995,0.144315859,0.2144919535,0.38247774349999997,0.3509881425,0.097496706,0.3545799908,0.3884503124,0.3623923564,0.380637947,0.6169075418000001,0.1261227612,0.6541160166,0.0889142862,1,5
2009,Marmi Lanza Verona,0.136608333,0.18157348525,0.306496045,0.01168577325,0.2870578145,0.03112400375,0.0700757575,0.0420454545,0.103030303,0.206060606,0.509090909,0.11818181800000001,0.2014817886,0.21548790859999997,0.2705806256,0.1463890714,0.3222409732,0.0947287238,0.29347535780000006,0.12349433920000001,1,8
2009,Prisma Taranto,0.0621281495,0.11362942599999999,0.16094121374999998,0.014816362,0.165079365,0.01067821075,0.0,0.0,0.1186825785,0.151014391,0.22944664050000002,0.016007905,0.21620526560000003,0.23834018859999997,0.3240083982,0.25053705639999996,0.373579567,0.0809658878,0.415694038,0.0388514164,0,11
2009,Rpa-Luigibacchi.It Perugia,0.11543141774999999,0.181538279,0.283174997,0.01379470025,0.25576477000000003,0.04120492675,0.263543672,0.0788805705,0.116522683,0.39559852949999996,0.2972727275,0.033030303,0.2294688716,0.2311371888,0.2252280228,0.23537803799999998,0.413392124,0.047213936600000006,0.37485804500000003,0.0857480156,0,9
2009,Sisley Treviso,0.15938026875,0.24668033725,0.36887835225,0.0371822535,0.35821802775,0.047842578499999996,0.2775373275,0.1133717635,0.2642453195,0.2781789235,0.4461847385,0.09623950349999999,0.23312246159999997,0.31111996239999995,0.3396542826,0.2045881416,0.448420823,0.0958216014,0.41277846560000003,0.1314639588,1,3
2009,Tonno Callipo Vibo Valentia,0.065070771,0.1606868045,0.20927606775000002,0.01648150825,0.19912121225,0.02663636375,0.035824916,0.021750842000000003,0.2894399525,0.41056004749999997,0.6658119659999999,0.034188034,0.20293578059999998,0.234639977,0.35870370939999996,0.20978113880000002,0.3961965912,0.0413791664,0.399501551,0.0380742066,0,10
2009,Trenkwalder Modena,0.14618862900000001,0.20684167374999998,0.30517354675,0.03876584725,0.311308893,0.03263050075,0.2676177015,0.14450351050000002,0.19813611650000001,0.253379035,0.40027959350000003,0.051235558,0.24618087360000002,0.260485793,0.279274301,0.1558772142,0.46075517800000004,0.0459114884,0.44405929019999996,0.062607377,1,4
2009,Yoga Forl,0.06653537725,0.104676744,0.15341457000000003,0.017797551249999998,0.14127140975,0.0299407115,0.0,0.0,0.1211297265,0.18493088,0.25283267449999997,0.053227931500000006,0.14498301100000002,0.1519866862,0.1756523272,0.12131736960000002,0.26575303600000005,0.0312166608,0.27107438019999996,0.025895316800000002,0,13
2010,Acqua Paradiso Monza Brianza,0.187232624,0.3173128305,0.4128342380000001,0.09171121625,0.37423837574999996,0.13030707849999998,0.311787829,0.09427277699999999,0.248611622,0.23926716550000002,0.266737968,0.12417112300000001,0.18773903579999998,0.2886246006,0.2579934368,0.21837019939999996,0.3561227632,0.0996348126,0.33177887880000007,0.123978697,1,4
2010,Andreoli Latina,0.12604938275,0.2300112235,0.26462405525,0.09143655075000001,0.24449857425,0.11156203175000001,0.037878788,0.059090909,0.10442890449999999,0.24708624699999998,0.22369146,0.1278236915,0.13445176179999999,0.1710027836,0.127528284,0.175502019,0.2405540834,0.06247621960000001,0.21597684299999997,0.08705346,0,12
2010,BCC-NEP Castellana Grotte,0.09004399399999999,0.19177418775,0.22007177050000004,0.0617464115,0.18946018225,0.09235799950000001,0.262192521,0.09841353950000001,0.079191919,0.22383838399999997,0.28213166149999996,0.0208986415,0.0582120102,0.086030414,0.09869005840000002,0.0455523658,0.1165656566,0.027676767600000002,0.11703703700000001,0.027205387199999997,0,13
2010,Bre Banca Lannutti Cuneo,0.13861475225,0.31441555099999996,0.35146569825,0.10156460475000001,0.32851172424999997,0.124518579,0.386071259,0.12301965000000001,0.306690676,0.42967296050000003,0.46101556099999996,0.2753480755,0.245135216,0.39607690500000003,0.36556949159999996,0.2029153566,0.4489078396,0.19230428160000002,0.434307905,0.20690421639999998,1,2
2010,Casa Modena,0.1336999195,0.22539098975000002,0.28192457574999996,0.0771663335,0.2318515565,0.1272393525,0.341309557,0.137478322,0.271791254,0.410026928,0.47900687550000004,0.2028113065,0.2415889404,0.34265348360000003,0.3537558782,0.2304865462,0.4274409858,0.1568014384,0.4037230848,0.18051933920000002,1,5
2010,Copra Morpho Piacenza,0.11845293925000001,0.23912281824999998,0.26494286274999995,0.09263289499999999,0.252185875,0.1053898825,0.2468764075,0.074335714,0.1395425645,0.1634877385,0.227920228,0.075110075,0.15997765619999998,0.1927496164,0.1958759784,0.14836644599999999,0.2549991656,0.08924325859999999,0.23661691540000004,0.1161103574,0,10
2010,Itas Diatec Trentino,0.18594284275,0.24284503625,0.34670778674999997,0.08208009225,0.28758495525000005,0.14120292350000002,0.503670657,0.205420252,0.18538600249999998,0.3024927855,0.35026610150000004,0.13761268599999998,0.3538269046,0.35041551979999996,0.5364440552,0.16779836939999998,0.5140205382,0.1902218862,0.4822833644,0.2219590598,1,1
2010,Lube Banca Marche Macerata,0.13631764100000002,0.1712581165,0.245402921,0.06217283675,0.216195845,0.09137991275,0.18125750899999998,0.039954612,0.15050505050000001,0.30101010100000003,0.341389505,0.11012564650000001,0.24443914720000004,0.33495479200000006,0.2759462562,0.303447683,0.4389989474,0.14039499179999998,0.43401050779999995,0.1453834318,1,3
2010,M. Roma Volley,0.03473172075,0.11526827925000001,0.11782234125,0.032177659000000004,0.10893217900000002,0.041067821000000004,0.1927428795,0.09513590849999999,0.0,0.009090909,0.0,0.0,0.1145035516,0.1388297818,0.11884451739999999,0.1344888162,0.1979329342,0.05540039880000001,0.18893939399999998,0.0643939394,0,11
2010,Marmi Lanza Verona,0.0,0.0,0.0,0.0,0.0,0.0,0.113577939,0.050058425,0.057053291500000006,0.26112852649999996,0.231313131,0.408080808,0.11569722800000001,0.16672701439999998,0.17855477860000002,0.10386946400000001,0.20595959600000002,0.07646464639999999,0.1964695498,0.0859546926,1,7
2010,RPA-LuigiBacchi.it San Giustino,0.050433596250000004,0.11320276725,0.108871851,0.0547645125,0.1206457095,0.042990654249999996,0.274214876,0.0985123965,0.0,0.0,0.0,0.0,0.1874839032,0.2440312484,0.15554066419999998,0.18870176,0.31471700300000005,0.1167981486,0.326504861,0.1050102902,1,8
2010,Sisley Treviso,0.206222791,0.37862569375,0.4461534465,0.13869503849999998,0.40391355599999995,0.180934929,0.327005604,0.12450954750000001,0.18555295,0.33868947400000005,0.38890134,0.1353410845,0.2550997204,0.47702149160000007,0.49821884259999993,0.2339023696,0.5300105712000001,0.20211064079999996,0.48618684520000005,0.245934367,1,6
2010,Tonno Callipo Vibo Valentia,0.05159615025000001,0.08628263775,0.11332503125,0.02455375675,0.09675704425000001,0.04112174375,0.073498139,0.020441254500000002,0.1211297265,0.18493088,0.25283267449999997,0.053227931500000006,0.0353121578,0.0398393574,0.0,0.0751515152,0.05576242420000001,0.019389091,0.0417508418,0.0334006734,0,9
2010,Yoga Forl,0.14030194575,0.29606169075,0.33475537,0.1016082665,0.31186262374999996,0.12450101300000001,0.2379403605,0.0772111545,0.168592957,0.36777067950000003,0.3675459045,0.168817732,0.12239161879999998,0.17215383599999998,0.1939877316,0.07389105620000001,0.23613550300000002,0.05840995159999999,0.2205116096,0.0473671784,0,14
2011,Acqua Paradiso Monza Brianza,0.16771053075,0.22471371150000002,0.323210519,0.0692137235,0.23231494275,0.16010929975,0.0424242425,0.030303030499999998,0.08628348,0.180383187,0.160955711,0.1057109555,0.25980160939999997,0.358380209,0.38971919360000007,0.22846262479999999,0.4445230694,0.17365874860000002,0.3639327488,0.2542490692,1,7
2011,Andreoli Latina,0.08551659149999999,0.15842280250000002,0.169311387,0.07462800700000001,0.12987654325,0.11406285075,0.223054332,0.073915365,0.144242424,0.286060606,0.287878788,0.142424242,0.0723631632,0.11793986699999999,0.12996052160000002,0.06034250860000001,0.12332726899999999,0.0669757612,0.0787153588,0.11158767159999998,1,9
2011,Bre Banca Lannutti Cuneo,0.10210809400000001,0.21758887574999997,0.2186826495,0.10101432024999998,0.18584262175,0.133854348,0.5462635275000001,0.1810092,0.137995338,0.24988345,0.2460736395,0.1418051485,0.1463317996,0.23669850340000004,0.22482921399999997,0.158201089,0.27207015339999996,0.11096014939999999,0.22768088860000005,0.15534941419999998,1,3
2011,CMC Ravenna,0.06944076974999999,0.165407715,0.1675757575,0.06727272725,0.11381570799999999,0.12103277675,0.0683501685,0.0164983165,0.067344498,0.1690191385,0.17575757549999999,0.060606061,0.0519915036,0.11406910240000001,0.08562622499999999,0.08043438099999999,0.12599617960000004,0.0400644264,0.1172399714,0.046396392200000004,0,14
2011,Casa Modena,0.23201178925,0.36798821099999995,0.48346833599999994,0.11653166449999999,0.36017083875,0.2398291615,0.3081935865,0.134230656,0.1588040515,0.3048323125,0.293298368,0.1703379955,0.2683026852,0.39109125440000003,0.38105957199999996,0.278334367,0.46027080619999994,0.1991231332,0.38164636020000003,0.27774757920000004,1,5
2011,Copra Elior Piacenza,0.1687752695,0.273648973,0.33157600625000005,0.11084823625,0.27296264075,0.16946160199999996,0.22588451350000002,0.0862366985,0.0,0.0,0.0,0.0,0.24061844679999997,0.30847246240000004,0.31731470559999997,0.23177620340000002,0.37476578380000003,0.17432512520000001,0.3143469854,0.234743924,1,6
2011,Energy Resources San Giustino,0.172828333,0.30444439425,0.35602283775,0.12124988924999999,0.22967373575,0.24759899149999998,0.2631048275,0.09447093,0.0,0.0,0.0,0.0,0.1761322104,0.2541708202,0.2860826386,0.14422039180000001,0.3312598042,0.09904322639999999,0.2811676782,0.149135352,1,12
2011,Fidia Padova,0.0980340375,0.22469323524999998,0.2482530665,0.0744742065,0.22162027425,0.10110699849999999,0.2185618905,0.11174114,0.1305721975,0.1815490145,0.224264871,0.08785634099999999,0.1286024254,0.20594302920000002,0.13967927160000002,0.1366843646,0.2516007738,0.0829446808,0.224890247,0.10965520780000002,0,13
2011,Itas Diatec Trentino,0.12247748150000001,0.19873464000000002,0.27399237625,0.047219745,0.2260381595,0.09517396175000001,0.436535169,0.218010286,0.228072103,0.250715776,0.2965786905,0.1822091885,0.3406720914,0.27023699979999993,0.297138355,0.31377073580000003,0.444023631,0.16688545979999997,0.2808844428,0.3300246482,1,1
2011,Lube Banca Marche Macerata,0.24581719424999998,0.39206159349999997,0.46308300174999995,0.17479578624999997,0.39548179975,0.24239698800000004,0.26914219899999997,0.0975244675,0.2291338705,0.237532796,0.36471254599999997,0.10195412050000001,0.3032604146000001,0.42037594899999997,0.3080444328,0.41559193099999997,0.49385321200000004,0.22978315140000002,0.41762205659999996,0.306014307,1,2
2011,M. Roma Volley,0.113719472,0.215068407,0.23764316400000002,0.09114471475,0.1759157445,0.15287213425,0.39268040249999997,0.1770165675,0.16198416100000002,0.39256129399999995,0.3084051725,0.24614028200000002,0.1764058212,0.25147296659999996,0.23725174300000001,0.1809300754,0.2787206468,0.149158141,0.20502932079999997,0.21315249779999998,1,8
2011,Marmi Lanza Verona,0.042018242750000004,0.10949690875000001,0.11727987675,0.03423527475,0.07635575625,0.07515939525000001,0.2124346915,0.1118077325,0.0522555875,0.2598656245,0.144055944,0.16806526800000002,0.12851605020000004,0.21451425279999997,0.1899651544,0.0997318152,0.2091513002,0.1290305178,0.16661175820000002,0.1715700598,1,11
2011,Sisley Belluno,0.120019078,0.273920316,0.28698679725,0.1069525965,0.21604620775,0.17789318650000002,0.2554927265,0.1020830315,0.11936758900000001,0.18972332,0.216063548,0.093027361,0.1982868592,0.3459555652,0.300078948,0.17628468860000002,0.38632972300000007,0.1579127014,0.313521631,0.2307207934,1,4
2011,Tonno Callipo Vibo Valentia,0.13517866,0.243609219,0.27906625275,0.09972162624999999,0.1870080375,0.19177984125,0.2115330075,0.08543668900000001,0.2559588035,0.35313210549999996,0.3465656565,0.2625252525,0.1817916748,0.2776022646,0.2815015556,0.177892384,0.34573640240000003,0.113657537,0.2925117024,0.1668822372,1,10
2012,Altotevere San Giustino,0.044673123499999995,0.14169051300000002,0.13509631625,0.05126732,0.09529273325,0.09107090324999999,0.192674779,0.0649009785,0.08853562200000001,0.2478280145,0.2015151515,0.13484848449999998,0.1088416074,0.1420674834,0.1397599416,0.11114914940000001,0.1795207238,0.0713883672,0.14449718639999998,0.10641190460000001,1,10
2012,Andreoli Latina,0.08949968724999999,0.23019728250000002,0.2536037505,0.06609321925,0.14959714975,0.17009982,0.259342322,0.11641525400000001,0.14650229499999998,0.3050128565,0.332121212,0.11939393949999999,0.267612034,0.2754182692,0.2947998646,0.24823043820000001,0.35634914819999997,0.1866811548,0.2384819392,0.304548364,1,7
2012,BCC-NEP Castellana Grotte,0.10373492275,0.19171962274999998,0.21891875824999998,0.076535787,0.1524245095,0.14303003574999998,0.430026056,0.19118606500000002,0.1314320925,0.28371942299999997,0.234848485,0.06818181799999999,0.11890836760000001,0.1465461778,0.1912942408,0.0438572744,0.17703198520000002,0.0884225602,0.124703791,0.1407507544,1,8
2012,Bre Banca Lannutti Cuneo,0.126707602,0.2869287615,0.29821226075,0.11542410275,0.20430436675000002,0.20933199675,0.2528248125,0.10475094550000001,0.24888357249999998,0.317783094,0.2984848485,0.268181818,0.2880217216,0.31803888420000004,0.35610441860000003,0.24995618740000003,0.41383096839999994,0.19222963780000002,0.2791250856,0.32693552060000003,1,4
2012,CMC Ravenna,0.1512430605,0.28209027275,0.32529789575,0.1080354375,0.210083778,0.22324955500000002,0.22427572450000002,0.093906094,0.167056215,0.235974088,0.3754208755,0.0276094275,0.17012859460000002,0.24199261740000005,0.1430664088,0.0666305608,0.30643286459999997,0.10568834740000002,0.23321663080000002,0.1789045814,0,11
2012,Casa Modena,0.1197374915,0.178747357,0.23591406450000002,0.062570784,0.14404643825,0.15443841025000002,0.301127087,0.1503880645,0.0495711835,0.104974271,0.103030303,0.0515151515,0.0817955864,0.11093168639999999,0.0758529112,0.056268301,0.133964132,0.0587631406,0.069691134,0.1230361388,1,5
2012,Copra Elior Piacenza,0.12702517075,0.21388392025000003,0.23471263875,0.10619645225000002,0.163144509,0.177764582,0.23472990800000001,0.12587615300000002,0.24128590249999998,0.3738656125,0.49656696,0.11858455550000001,0.2575066172,0.39340247400000006,0.4192476836000001,0.23166140740000002,0.4314773310000001,0.21943175980000001,0.32892108999999997,0.3219880006,1,3
2012,Cucine Lube Banca Marche Macerata,0.18174631324999999,0.283405202,0.36755221825,0.09759929725000001,0.24854078125,0.21661073399999997,0.295251838,0.10171785900000001,0.23065277299999998,0.31177147000000005,0.38448616599999996,0.1579380765,0.262821378,0.3638452886,0.41250971640000006,0.2141569504,0.42794568539999994,0.1987209812,0.33155838,0.2951082866,1,2
2012,Itas Diatec Trentino,0.16997969,0.2254748555,0.306345231,0.087594163,0.219116388,0.17482300575,0.429131313,0.19814141400000002,0.196265214,0.321916604,0.3014141415,0.216767677,0.259381058,0.1721340934,0.18395925919999997,0.24755589220000002,0.3266097814,0.10490537019999999,0.21631234580000003,0.2152028058,1,1
2012,Marmi Lanza Verona,0.15598557000000002,0.150075036,0.2358273985,0.07023320775,0.1615501935,0.1445104125,0.0,0.0,0.0853347225,0.2419380045,0.18947368399999998,0.137799043,0.1592146384,0.2989671796,0.19094131139999998,0.1763314158,0.3188179274,0.1393638906,0.20319597979999998,0.2549858384,0,12
2012,Sir Safety Perugia,0.08050054625,0.10283278725,0.14113584825,0.042197485,0.10218855225000001,0.08114478125,0.2494024755,0.102112676,0.0,0.0,0.0,0.0,0.09664227140000001,0.156691062,0.1477289972,0.0728770634,0.1778410478,0.07549228560000001,0.10573096019999999,0.11487510040000001,1,6
2012,Tonno Callipo Vibo Valentia,0.15563922924999998,0.25193652824999996,0.33842452575,0.06915123175,0.21775265124999998,0.18982310600000002,0.2350471,0.09525593,0.088269454,0.19960933399999997,0.1727272725,0.115151515,0.1354471564,0.12273466179999999,0.21103885579999998,0.0471429624,0.1729905766,0.0851912416,0.11618803500000001,0.1419937832,1,9
2013,Altotevere Citt di Castello,0.02575757575,0.0575757575,0.05927128425,0.021031746,0.0394932935,0.04384003975,0.0125874125,0.005594405500000001,0.0475612995,0.113044761,0.07474747450000001,0.0373737375,0.051728370999999995,0.08402920459999999,0.07124361180000001,0.0463321456,0.0840909092,0.0516666666,0.06564935059999999,0.070108225,1,7
2013,Andreoli Latina,0.1165143755,0.22742501850000002,0.2503813515,0.09355804250000001,0.18640533299999998,0.18026133375,0.23126385800000002,0.08691796,0.11532663300000001,0.184673367,0.168292683,0.131707317,0.09757069080000001,0.16303536980000002,0.1124976758,0.0765932332,0.17130428339999998,0.0893017772,0.13011562859999998,0.130490432,0,12
2013,Bre Lannutti Cuneo,0.15195944775,0.25107085549999997,0.28837376475,0.11465653849999999,0.19455280474999997,0.20847749850000002,0.23080152150000002,0.0782893875,0.214529612,0.37334917600000006,0.344133956,0.243744832,0.1263396704,0.20335729920000004,0.1883193346,0.14137763499999997,0.2155760826,0.11412088719999999,0.15213707319999997,0.17755989639999997,1,6
2013,CMC Ravenna,0.100865331,0.2188316385,0.22940116400000002,0.09029580575,0.14954100125,0.17015596875000003,0.24205962050000002,0.124607046,0.0,0.0,0.0,0.0,0.1104757162,0.17316064739999998,0.18357062640000002,0.1000657374,0.18778330680000002,0.09585305679999997,0.1189176614,0.1647187022,0,9
2013,Calzedonia Verona,0.025252525249999998,0.02777777775,0.025,0.028030303,0.02881758775,0.02421271525,0.161490683,0.08396386199999999,0.12638101699999998,0.21604322550000002,0.193825043,0.1485991995,0.17608873660000002,0.22997186960000002,0.2384170074,0.1676435986,0.26967110140000006,0.1363895046,0.1700437328,0.23601687340000002,1,8
2013,Casa Modena,0.039877373,0.094971112,0.13743260825,0.0322643615,0.0775252525,0.09217171725000001,0.20097251600000002,0.095997181,0.11326306550000001,0.1715854195,0.24182299200000001,0.0430254935,0.15225525,0.2562295984,0.2567636742,0.1517211746,0.274635299,0.1338495492,0.20513878000000002,0.2033460686,1,5
2013,Copra Elior Piacenza,0.10894915975,0.163778113,0.21341775600000001,0.0593095165,0.1468534525,0.12587382025000002,0.44734197900000006,0.25265802150000005,0.1478410165,0.18246201399999998,0.2123376625,0.117965368,0.2058048824,0.3663163298,0.3321340532,0.18544170440000002,0.3956808892,0.176440323,0.26593151439999996,0.30618969739999996,1,2
2013,Cucine Lube Banca Marche Macerata,0.15530191825,0.25833444525,0.30833771325000003,0.1052986505,0.20691507225,0.20672129150000002,0.43040954749999993,0.1514086345,0.1391485955,0.2517604955,0.1944539735,0.196455117,0.198112876,0.269765912,0.29072872860000004,0.1201803624,0.3148284038,0.15305038399999998,0.21167722579999998,0.256201562,1,1
2013,Diatec Trentino,0.140892539,0.12425897624999999,0.21671112525,0.04844038975,0.14990379975,0.11524771525000001,0.17948717949999998,0.153846154,0.17325843600000002,0.317650655,0.2280213905,0.1447058825,0.1980716476,0.27344350380000004,0.19349763599999997,0.27801751539999997,0.3054137454,0.166101406,0.2642249942,0.20729015740000004,1,4
2013,Exprivia Molfetta,0.04142645975,0.0737250555,0.08202573675,0.03312577825,0.05644682125,0.058704694,0.21063237850000002,0.0742161065,0.0336898395,0.048128342000000005,0.06,0.021818182000000002,0.1365538288,0.29617344360000003,0.26749928079999996,0.16522799200000002,0.27539384260000005,0.1573334304,0.19562441719999998,0.23710285579999998,0,10
2013,Sir Safety Perugia,0.1567544555,0.2493061505,0.28937178625,0.11668882025000002,0.2169392575,0.18912134849999998,0.42880957649999996,0.18937224149999998,0.0689245395,0.10683303599999999,0.17575757600000003,0.0,0.13495504120000001,0.17534798899999998,0.1941196788,0.1161833514,0.21069692880000002,0.09960610160000001,0.15273123560000001,0.15757179459999998,1,3
2013,Tonno Callipo Calabria Vibo Valentia,0.024035223999999997,0.072934473,0.07515151525000001,0.02181818175,0.05073995775,0.04622973925,0.2226464645,0.0894747475,0.125853361,0.1680860325,0.207486631,0.086452763,0.024085324999999998,0.045005584,0.0411993246,0.027891584400000002,0.0431404958,0.0259504132,0.0314920636,0.0375988454,0,11
2014,Altotevere Citt di Castello-Sansepolcro,0.06201217425,0.115260553,0.12615197425000002,0.051120753,0.08318181799999999,0.094090909,0.2138262955,0.13465855300000001,0.1724568185,0.397240151,0.348831169,0.2208658005,0.1313811422,0.27831582740000005,0.213973462,0.19572350759999999,0.2540383564,0.1556586136,0.18857030600000002,0.2211266638,0,13
2014,CMC Ravenna,0.08903449825000001,0.2155109565,0.23087657875000003,0.07366887600000001,0.146651625,0.15789382925000003,0.248744589,0.1118614715,0.14544306699999998,0.34243572099999997,0.407919192,0.079959596,0.0956722274,0.16978231819999998,0.1582073268,0.08421691560000001,0.1637222804,0.1017322654,0.1075501408,0.1591165262,1,7
2014,Calzedonia Verona,0.1719116895,0.25384588625000004,0.31451628675,0.11124128925000001,0.19988137925,0.22587619675000004,0.200224467,0.12401795749999998,0.11915432000000001,0.2959971955,0.08939393949999999,0.325757576,0.20125555359999997,0.24844141639999995,0.300483968,0.1492130016,0.2796500878,0.1700468818,0.17631183639999998,0.27338513340000004,1,5
2014,Copra Piacenza,0.130430408,0.26047868274999997,0.29455524299999997,0.09635384799999999,0.18621612175000002,0.20469296925000002,0.247582205,0.11605415849999999,0.171362062,0.45591066500000005,0.4434343435,0.183838384,0.1771254836,0.3525714864,0.366481795,0.16321517479999997,0.35206637679999997,0.1776305928,0.2288501314,0.3008468384,0,9
2014,Cucine Lube Banca Marche Treia,0.25224120575000003,0.394728491,0.5072537565,0.13971594075,0.33817639650000003,0.30879330025,0.309369436,0.1118426855,0.295171792,0.5199797235,0.5660765075,0.24907500700000001,0.1913723574,0.292264006,0.24708612219999998,0.23655024139999997,0.33405508780000004,0.14958127559999998,0.24629761020000002,0.2373387536,1,3
2014,Energy T.I. Diatec Trentino,0.23558200825,0.291690719,0.41278300300000004,0.11448972449999999,0.253223623,0.274049104,0.2401911665,0.11738459100000001,0.07923445,0.08440191400000001,0.109090909,0.0545454545,0.23638976660000002,0.2266405362,0.35330648979999996,0.1097238134,0.3215410654,0.14148923779999997,0.22818422300000002,0.2348460802,1,1
2014,Exprivia Neldiritto Molfetta,0.072454891,0.145726927,0.16920012824999997,0.04898168975,0.10462580325,0.11355601474999999,0.0,0.0,0.0,0.0,0.0,0.0,0.1508367874,0.21158745520000002,0.2120710108,0.15035323159999997,0.25991353879999995,0.1025107036,0.17097209080000003,0.1914521516,1,8
2014,Parmareggio Modena,0.15513669175,0.30698452049999997,0.34311464475,0.1190065675,0.23083910100000005,0.231282111,0.2382954545,0.0980681815,0.20121174349999998,0.29575795349999995,0.335520227,0.16144946999999998,0.19309320859999998,0.2784219432,0.198532043,0.27298310819999994,0.32862652859999997,0.142888623,0.2300997036,0.2414154478,1,2
2014,Revivre Milano,0.07262841825000001,0.14100794525000002,0.16589350875,0.047742855,0.11694572000000002,0.09669064399999999,0.0,0.0,0.2053860925,0.26128057400000004,0.408550315,0.058116351499999996,0.1770201258,0.21934351059999999,0.1801988626,0.10101325859999999,0.2963509194,0.10001271680000001,0.2549715688,0.1413920676,0,12
2014,Sir Safety Perugia,0.20213819849999998,0.299376953,0.377108283,0.12440686849999999,0.25911488125,0.2424002705,0.371378852,0.12256054150000001,0.254184988,0.46399683,0.4830050505,0.235176768,0.25698308280000004,0.33210782640000003,0.272961398,0.31612951159999997,0.41561211359999994,0.1734787952,0.268631004,0.3204599052,1,4
2014,Tonazzo Padova,0.0,0.0,0.0,0.0,0.0,0.0,0.09987267650000001,0.0607333845,0.0,0.0,0.0,0.0,0.0343771584,0.06138041740000001,0.046860483,0.030715274600000002,0.0616450216,0.0341125542,0.0550620964,0.0406954794,0,11
2014,Top Volley Latina,0.12064786475,0.18086728675000002,0.21415623075,0.087358921,0.13690804150000002,0.16460711,0.19379891649999997,0.14256472,0.101461039,0.171266234,0.1324675325,0.1402597405,0.1810387206,0.25896127960000004,0.2369261354,0.2030738642,0.30004613139999997,0.1399538684,0.1974665092,0.24253349080000003,1,6
2014,Vero Volley Monza,0.06178909675,0.13063514575000001,0.1296795795,0.06274466274999999,0.095159987,0.0972642555,0.25778394649999997,0.08160999299999999,0.0,0.030303030499999998,0.0,0.0,0.0260514232,0.0515243344,0.05203466440000001,0.025541092999999997,0.05265428000000001,0.024921477600000002,0.036320346399999995,0.041255411199999995,0,10
2015,CMC Romagna,0.0637497225,0.1332199745,0.142638084,0.054331613,0.09998499524999999,0.09698470175,0.2107007575,0.09232954550000001,0.104929293,0.192040404,0.2227272725,0.074242424,0.12797998400000002,0.1944442588,0.1523247186,0.17009952379999999,0.21279691939999998,0.10962732319999999,0.1284204636,0.1940037788,0,9
2015,Calzedonia Verona,0.163798174,0.204383644,0.26831871375,0.09986310475,0.17821812874999998,0.1899636895,0.200224467,0.11492704849999999,0.2001100785,0.2120111335,0.31876456899999994,0.0933566435,0.18221822559999995,0.23838783500000002,0.12294375720000002,0.15099563659999998,0.297108163,0.1234978978,0.1920420404,0.22856402020000002,1,4
2015,Cucine Lube Banca Marche Civitanova,0.23868606,0.33404121275,0.41852428675,0.15420298624999998,0.28088879499999997,0.291838478,0.0,0.0,0.0632506885,0.18523416,0.162800418,0.0856844305,0.34581927479999996,0.328120119,0.40747944379999995,0.26645995,0.5403017355999999,0.1336376584,0.4393793854,0.2345600084,1,1
2015,DHL Modena,0.1074440905,0.2107377275,0.23727560174999998,0.08090621675000001,0.14842612875,0.16975568925,0.286211768,0.104697323,0.1814365025,0.2003816795,0.2776859505,0.1041322315,0.2666650356,0.3381834492,0.27104382839999996,0.125319808,0.4535481304000001,0.1513003546,0.31271621739999994,0.2921322676,1,2
2015,Diatec Trentino,0.23226095425,0.257132985,0.3541619045,0.135232035,0.261144639,0.2282493005,0.30472321,0.1043676995,0.157084357,0.18230958249999998,0.288801054,0.0505928855,0.30548526779999996,0.31996927779999995,0.4228441544,0.2026103912,0.42456267160000005,0.200891874,0.2819632796,0.3434912658,1,3
2015,Exprivia Molfetta,0.10428825024999999,0.163893568,0.20093818975,0.06724362824999999,0.14086861425,0.12731320375,0.16730000949999999,0.090275748,0.1214097495,0.1725296445,0.2135220125,0.08041738150000001,0.0949237896,0.16447015,0.1555145128,0.10387942639999999,0.1788340426,0.0805598968,0.11770076920000001,0.1416931704,1,6
2015,Gi Group Monza,0.133069457,0.2623850885,0.28436414075,0.1110904045,0.189002331,0.2064522145,0.188490607,0.07514575700000001,0.096969697,0.1515151515,0.12403100800000001,0.11839323449999999,0.1293528088,0.1857987064,0.1718376646,0.14331385060000001,0.2137082102,0.10144330500000001,0.1428934272,0.17225808780000001,0,10
2015,LPR Piacenza,0.08964837175,0.20732132525000002,0.23803053074999997,0.0589391665,0.12736628075,0.16960341625,0.240711786,0.1289851835,0.184208856,0.31579114399999997,0.3613383835,0.138661616,0.0942163346,0.1676018474,0.1553907012,0.10885172300000001,0.1685414008,0.093276781,0.1015693684,0.16024881359999998,0,12
2015,Ninfa Latina,0.1418266255,0.2642339805,0.27700598625,0.12905461975,0.18421221324999998,0.221848393,0.22854373100000003,0.083577481,0.187247811,0.312752189,0.23064516149999997,0.269354839,0.10956670539999999,0.17406965839999997,0.1189412952,0.08227082599999999,0.12976372419999999,0.1538726394,0.08175818800000001,0.20187817560000001,1,8
2015,Revivre Milano,0.09865691275,0.186191572,0.19542335225000002,0.08942513275,0.1393932315,0.14545525325,0.156120647,0.1044854135,0.18872885849999999,0.32945296,0.3654802745,0.15270154349999998,0.10769657339999998,0.13472766860000002,0.0875028358,0.15492140640000002,0.16657063899999996,0.07585360340000001,0.10806873800000001,0.13435550440000002,0,11
2015,Sir Safety Conad Perugia,0.19155846125000003,0.29480517475,0.36227423275000004,0.1240894035,0.24186147800000002,0.24450215825,0.30958755250000003,0.154048811,0.14508443199999999,0.1943095075,0.223776224,0.11561771550000001,0.1854775308,0.2836133784,0.25525045620000003,0.1592949984,0.3167068348,0.1523840742,0.24445760619999998,0.2246333028,1,5
2015,Tonazzo Padova,0.043436549,0.06868466325,0.07684391075000001,0.03224699825,0.0567870485,0.0523038605,0.180468868,0.08922810199999999,0.0736264725,0.1960704975,0.18429292949999998,0.08540404050000001,0.10987315059999998,0.13982381919999998,0.1554763086,0.094220661,0.1588008802,0.0908960894,0.13076955019999997,0.1189274196,1,7
2016,Azimut Modena,0.14415323375,0.16948312975,0.23080985925,0.0828265045,0.16595057424999998,0.1476857895,0.3254031685,0.1321725895,0.2750977045,0.42187199249999996,0.46380526050000004,0.2331644365,0.29696388420000003,0.34909672159999994,0.3032208068,0.3428397992,0.441452756,0.2046078502,0.3283029314,0.3177576748,1,4
2016,Bios Indexa Sora,0.07994498475,0.12611562125,0.145943391,0.060117215,0.09157970400000001,0.11448090225000002,0.0,0.0,0.0,0.0,0.0,0.0,0.0341687142,0.080982801,0.0650182044,0.0501333108,0.0717931118,0.0433584034,0.0559371494,0.059214366,0,13
2016,Bunge Ravenna,0.1048325285,0.170925047,0.20296822625,0.0727893495,0.12853720625,0.14722036925,0.1515151515,0.1515151515,0.179765799,0.217203898,0.162121212,0.162121212,0.13144380760000002,0.13158649539999998,0.12059259260000002,0.14243771060000002,0.1776244996,0.0854058034,0.1273067284,0.1357235746,0,9
2016,Calzedonia Verona,0.24940154350000002,0.30817421425,0.390641017,0.1669347405,0.25325258625,0.3043231715,0.27538299,0.1579503435,0.227832168,0.27822843799999997,0.3507438015,0.15531680399999997,0.2510351804,0.3077526986,0.23864488780000004,0.320142991,0.3724741646,0.18631371400000002,0.2614912232,0.2972966554,1,5
2016,Cucine Lube Civitanova,0.18047713875,0.28164407325,0.36152883199999997,0.10059238050000001,0.22197075775,0.24015045424999998,0.4843463425,0.28838093000000004,0.16742773,0.24469348200000002,0.3053377145,0.10678349749999999,0.25827550979999997,0.3271790358000001,0.35220635759999996,0.233248188,0.40853802139999995,0.176916524,0.27003495360000007,0.31541959180000007,1,1
2016,Diatec Trentino,0.26663337575,0.2757908665,0.41327671575,0.12914752675,0.26262745275,0.27979678975,0.269029107,0.1461224085,0.20929105750000002,0.2179816695,0.2633756925,0.1517758225,0.29324292939999996,0.282514646,0.3575377984,0.2182197772,0.3982531226,0.1775044528,0.26978908,0.3059684958,1,2
2016,Exprivia Molfetta,0.06409360174999999,0.09196700425,0.10807162549999999,0.04798898075,0.07480237149999999,0.0812582345,0.261515754,0.153635761,0.013986014,0.0314685315,0.0454545455,0.0,0.091613321,0.21505334560000003,0.16189103700000002,0.10235138699999999,0.21983120220000002,0.08683546420000002,0.15778681339999998,0.1488798528,0,10
2016,Gi Group Monza,0.18039329475000002,0.29839458375,0.340049205,0.13873867374999999,0.23319735775,0.24559052074999999,0.24090909100000002,0.11969696949999999,0.153442029,0.2798913045,0.237878788,0.19545454550000002,0.2834850632,0.357727058,0.33713756000000006,0.3040745612,0.4197987218,0.22141339920000003,0.3200943036,0.3211178174,1,7
2016,Kioene Padova,0.10319737875,0.163469288,0.195619284,0.07104738275,0.12463949825000001,0.14202716825,0.257665605,0.15445560749999998,0.0,0.0,0.0,0.0,0.1406935272,0.1599125336,0.1890346766,0.111571384,0.1933088398,0.1072972208,0.1461226546,0.1544834058,0,12
2016,LPR Piacenza,0.18349963749999998,0.25589430225,0.3247883415,0.114605598,0.21279101075,0.22660292875,0.052637486,0.032210999,0.212916008,0.2234476285,0.2838598755,0.10098860949999999,0.23168956079999997,0.31740134840000006,0.19172683680000002,0.11857619339999999,0.3713518942,0.1777390148,0.30396789500000004,0.24512301400000003,1,6
2016,Revivre Milano,0.10314508724999999,0.162006428,0.1903580445,0.0747934705,0.10655064624999999,0.15860086875,0.056044986,0.022742892999999997,0.1436160685,0.277596053,0.3015151515,0.1196969695,0.18549505859999998,0.22905039600000002,0.18469923119999998,0.2213613748,0.2746974874,0.1398479672,0.173960685,0.2405847692,0,14
2016,Sir Safety Conad Perugia,0.218060718,0.34557564575,0.42530556550000004,0.13833079799999998,0.2857360515,0.2733548575,0.40232202400000006,0.2097991885,0.3474090015,0.491984938,0.53888199,0.3005119495,0.312306238,0.36648164099999997,0.37475462860000003,0.30403325019999994,0.4701137727999999,0.208674106,0.3194136992,0.35937417959999995,1,3
2016,Tonno Callipo Calabria Vibo Valentia,0.12002397075000001,0.17088512,0.20376418975,0.087144901,0.1429659595,0.1479431315,0.12077922099999999,0.067099567,0.1883707205,0.2722353405,0.2792929295,0.1813131315,0.0106060606,0.0148484848,0.0,0.0,0.017526080399999998,0.007928464999999999,0.005090908999999999,0.0203636364,1,8
2016,Top Volley Latina,0.0950111105,0.16711010175000002,0.19084894275000003,0.07127226925,0.1133222285,0.1487989835,0.11331738449999999,0.062440191500000006,0.1210227275,0.20625,0.2222984565,0.104974271,0.1023804164,0.1897407956,0.16905735800000002,0.05639718740000001,0.19097958299999998,0.10114162899999998,0.12475033440000001,0.1673708778,0,11
2017,Azimut Modena,0.24749586275000002,0.291898077,0.4134479655,0.12594597400000002,0.27968253224999995,0.259711407,0.503287625,0.27246995100000004,0.2375539505,0.2230521105,0.335858586,0.1247474745,0.3125153282,0.3226361866,0.3335694346,0.30158208080000004,0.44779614799999995,0.18735536719999998,0.3094777444,0.32567377100000006,1,3
2017,BCC Castellana Grotte,0.04344724625,0.0792800265,0.08092885375,0.041798418999999996,0.04826353425,0.0744637385,0.0,0.0,0.0985815605,0.14081237900000002,0.078787879,0.1575757575,0.05663072140000001,0.060945036200000004,0.0872727272,0.0,0.0995408632,0.0180348944,0.030303030399999997,0.0,0,14
2017,Bios Indexa Sora,0.1322024875,0.1768884215,0.22336503575,0.08572587325,0.14151610575,0.16757480349999998,0.20293527600000003,0.1910041175,0.24878708849999998,0.336061396,0.3285266455,0.2563218395,0.0634336632,0.11232391259999999,0.083193035,0.0865039346,0.12233126820000002,0.053426307400000005,0.0835431234,0.086153846,0,13
2017,Bunge Ravenna,0.14125941825,0.20571027875000003,0.24023039925,0.106739298,0.16148112024999997,0.185488577,0.401991071,0.21013014149999998,0.21603115549999996,0.4597264205,0.286753247,0.1496103895,0.030146627399999997,0.05955034220000001,0.0451641692,0.0445328006,0.0526443926,0.0370525772,0.0321454546,0.057551515,1,8
2017,Calzedonia Verona,0.1323426755,0.2085664155,0.24822889525000003,0.09268019549999999,0.16120554950000002,0.17970354125000002,0.27494141400000005,0.140210101,0.21818181849999999,0.287878788,0.2323232325,0.116161616,0.1601437936,0.2228865092,0.1819723088,0.201057994,0.25717797640000006,0.12585232659999998,0.18183364040000002,0.2011966628,1,5
2017,Cucine Lube Civitanova,0.19738773174999996,0.30109711675,0.40476174524999997,0.09372310325000001,0.24539505274999998,0.2530897955,0.41234417749999996,0.17250430749999998,0.2669651615,0.363337869,0.47597166,0.1543313705,0.3327203108,0.35091605260000003,0.30705189,0.37658447380000004,0.4806840491999999,0.2029523146,0.34193758240000005,0.341698781,1,2
2017,Diatec Trentino,0.0746190225,0.10719915925000001,0.12839293400000001,0.05342524775,0.0947405085,0.08707767324999999,0.27935980099999996,0.120640199,0.322234287,0.3232202585,0.4649068325,0.180547713,0.29884973639999995,0.3508472332,0.25179014740000005,0.36033106480000004,0.443157822,0.20653914759999997,0.2856822876,0.364014682,1,4
2017,Gi Group Monza,0.199423438,0.25966747125,0.32792234249999996,0.1311685665,0.232169412,0.22692149725,0.30797653950000003,0.19202346,0.0,0.0,0.0,0.0,0.1849638938,0.2029148942,0.1427937936,0.1129637822,0.25063570020000003,0.1372430874,0.1995425014,0.1883362862,0,10
2017,Kioene Padova,0.21261346025,0.28738654,0.3630187355,0.13698126449999998,0.244272202,0.255727798,0.286886102,0.18584117049999999,0.027219563999999998,0.06975013299999999,0.0754208755,0.0215488215,0.0957222972,0.13700497559999997,0.056066972199999995,0.1766603004,0.147983306,0.0847439666,0.11558926180000002,0.11713801080000001,0,9
2017,Revivre Milano,0.12973066475,0.22329963825,0.25906862875000003,0.09396167425,0.17029043649999998,0.18273986650000001,0.21836307,0.15133389949999998,0.17506446650000002,0.279480988,0.3543483615,0.10019709299999999,0.18263835200000003,0.24766467820000004,0.22086906440000004,0.1694339658,0.2548895268,0.13541350319999998,0.2030111996,0.22729183079999998,1,6
2017,Sir Safety Conad Perugia,0.244235252,0.30424959625,0.4248379185,0.12364692999999999,0.28287100625,0.26561384224999995,0.4427111255,0.27244038950000005,0.25476712049999994,0.4452328795,0.41213932799999997,0.28786067200000004,0.2882553762,0.3153809876,0.29738226759999997,0.30625409579999996,0.4200389918,0.1835973716,0.26434301159999996,0.33929335159999996,1,1
2017,Taiwan Excellence Latina,0.14393352874999998,0.2242482895,0.28934659075,0.07883522725,0.17199590875,0.19618590949999998,0.078787879,0.0393939395,0.147267602,0.23758088300000002,0.2444307945,0.1404176905,0.12405395020000001,0.21170362539999998,0.2199144016,0.11584317420000001,0.221092562,0.1146650138,0.1634689146,0.1722886608,0,11
2017,Tonno Callipo Calabria Vibo Valentia,0.146902099,0.2288554765,0.26615001624999995,0.10960755924999999,0.18628547349999997,0.189472102,0.237274761,0.16878584500000002,0.20730524250000001,0.262391727,0.3428110895,0.12688588,0.14275556540000003,0.16027473779999998,0.16364359380000001,0.1393867094,0.1920202194,0.1110100836,0.1297040096,0.1733262936,0,12
2017,Wixo LPR Piacenza,0.21151051725,0.25970160400000003,0.35783666075,0.11337546024999999,0.2460473405,0.22516478075,0.2046812955,0.15289446199999998,0.274594095,0.3011634805,0.2988413545,0.276916221,0.21685231100000002,0.321329507,0.322402979,0.21577883920000002,0.3766444396,0.1615373786,0.243025131,0.295156687,1,7
